text,con1,con2,con3,con4,con5,lib1,lib2,lib3,lib4,lib5
@SenBlumenthal #kavanaugh #fairness. #swamp.  Senator Blumenthal.  How can you be so sanctimonious when you lied about being a veteran?  I look forward to you being voted out,1,1,1,1,1,1,1,1,1,1
@KatiePavlich @SenBlumenthal He lied about his military service.  That‚Äôs an accomplishment for the left right?,1,1,0,1,0,1,0,0,0,0
@SenBlumenthal Why do u believe Dr Ford &amp; not Kavanaugh?  She has no believable witnesses.  She does not remember where or when?  It sounds very political to us.,0,1,1,0,1,0,0,1,0,1
"@KatiePavlich @SenBlumenthal Well for starters, he stole valor of those who served in Vietnam, so I feel he‚Äôs veeeery credible hahaha",1,1,1,0,1,1,0,1,0,1
"If you push Brett Kavanaugh through without an FBI investigation and fair hearing, we will vote you all out now and in 2020! @lisamurkowski @senblumenthal #TW #StopKavanaugh  #MeToo #CancelKavanaugh https://t.co/PFPqhEFqVr",1,1,1,1,1,1,1,1,1,1
@SenBlumenthal thinks the Constitution is a suggestion. https://t.co/xc0WqeEeTa,0,0,0,1,0,1,0,0,0,0
@KatiePavlich @SenBlumenthal Hmm lied about serving in Vietnam? Sen. Hirono says because of his policies Kavanaugh is NOT innocent until proven guilty. What if we use the same guide for politicians that are accused? It's no longer equal protection under the law. Its laws for the ruling class,1,0,1,1,1,0,1,1,0,1
@guypbenson @KatiePavlich @SenBlumenthal He sued his state's largest employers so often that they moved thousands of jobs out-of-state,0,0,0,0,1,0,0,0,0,1
@ProudDemocrat1 @TupayD @SenBlumenthal Total BS. You know it and I know. Don't be a dope your whole  life.,1,1,1,1,1,1,0,1,1,1
@SenBlumenthal Too bad her best friend and college roommate came out and said she never mentioned it to them. Funny how all of these registered Democrats are coming out now making all of these allegations and everyone they say can back it up don‚Äôt. Horrible game being played by the Dems,1,0,1,1,1,1,0,1,1,1
"@KatiePavlich @SenBlumenthal Well, he served in Vietnam, right? Oh, no, he lied about that.",1,0,1,1,1,1,0,1,0,0
@SenBlumenthal Regale them with stories about your service in Vietnam. I‚Äôm sure they‚Äôll sit with rapt attention....oh wait. You‚Äôre a liar. I forgot.,1,1,1,1,1,1,0,1,1,1
@SenBlumenthal Don‚Äôt recommend...DEMAND that they listen to women who are sexually assaulted! So NO to #PERVanaugh,1,1,1,1,1,1,0,1,1,1
@KatiePavlich @SenBlumenthal And lied about his military service,1,0,1,0,1,0,0,0,0,0
@SenBlumenthal Thank you Senator!,0,0,0,0,0,0,0,0,0,0
"@SusanLane24 @SenBlumenthal The bulling part is forbidding an investigation &amp; saying that no matter what she tells them, misogynists will still vote for the alleged cad.",1,0,1,1,1,0,0,1,0,0
"@tomselliott @NoahCRothman @SenBlumenthal Upon taking office, senators-elect must swear or affirm that they will ""support and defend the Constitution."" The oath is required by the Constitution; the wording is prescribed by law-If you &amp; Dems refuse to follow your OoO get out! Stop making a mockery of the US Constitution!",1,1,0,1,1,1,1,1,1,1
@SenBlumenthal Tell me how she is being bullied.  You are a real piece of work considering your own background.,1,0,1,1,1,1,0,1,1,0
@SenBlumenthal stealing the valor of our Vietnam vets &amp; claiming to have served in Vietnam WHEN HE DID NOT.  Yet he continues to push false claims against Kavenaugh &amp; demands he be investigated.  DEMAND HE RESIGN NOW! Even Left leaning SNOPES says he lied. https://t.co/Yu1lFtlrrG,1,1,1,1,1,1,1,1,1,0
"@SenBlumenthal You are bullying Kavanaugh.
You are attempting anarchy",1,1,1,1,0,0,0,0,1,1
"@SenBlumenthal Well. considering Kavanaugh and his family are being bullied and receiving death threats,  he is obviously innocent.  You really are a brilliant man",0,1,0,1,1,1,0,0,1,1
@americanradical @SenBlumenthal You‚Äôre so angry. Poor little thing.,0,1,1,0,0,0,0,0,0,1
@SenBlumenthal You could be setting up the clean up of all the garbage along Route 91 instead. Wait that would take some effort!,1,1,1,1,0,0,0,1,0,0
@SenBlumenthal Truth....... Vietnam?,1,0,0,0,1,0,0,0,0,1
@SenBlumenthal You and your Dem resistance colleagues should be held accountable for your coordinated assault on Mr. Kavanaugh. But we Americans will never get to see that until the swamp is drained!,1,1,1,1,1,1,1,1,1,1
@SenBlumenthal Wow? Really that's how you see it? I just want to know if there is something wrong with you or your just a lying propagandist? Do you know you're lying?,1,1,1,1,1,1,0,1,1,1
@KatiePavlich @SenBlumenthal Oh he just lied about being a Vietnam vet!!!,1,0,1,1,1,1,0,1,0,0
@tomselliott @NoahCRothman @SenBlumenthal Did you learn that in Vietnam Senator?,1,0,0,0,1,0,0,0,0,1
"@KatiePavlich @SenBlumenthal He served his country in Vietnam. Oh wait, he only claimed he did.",1,0,0,0,1,1,0,0,0,0
"@KatiePavlich @SenBlumenthal He served our country in Vietnam, oh wait no he didn‚Äôt",1,0,0,0,1,0,0,0,0,1
@SenBlumenthal You will only stand up for them as long as they are accusing a republican. It amazes me how you talk out of both ends. Vietnam Clown ü§°,1,0,1,1,1,1,0,1,1,1
@KatiePavlich @TexLady2 @SenBlumenthal What say you sen?,0,0,0,0,0,0,0,0,0,0
@SenBlumenthal What about due process and presumption of innocence?  You sir have declared Judge K guilty based on an allegation - this is just a drive by shooting by you and your Democrat colleagues - you don‚Äôt care about Ford - you‚Äôll toss her aside just as long as you get Judge K‚Äôs scalp,1,1,1,1,1,1,0,1,1,0
"@lilyswan88 @crvaccaro @SenBlumenthal Is that what it is about? Smear a man because he is pro life? Allow people to threaten death to his wife and young daughters because he believes that a life is started at conception? 
Btw, why did my wife have to sign off on my vasectomy? Not a law but was deemed legal.",1,0,1,1,1,1,0,1,1,1
@SenBlumenthal and Senator @maziehirono have stated that we should change American justice from Innocent until Proven guilty to #CourtofCredibility ?  Shameful that voters actually put them in office!,1,1,1,1,1,1,1,1,1,1
@SenBlumenthal Check out the 5th amendment.   You and your colleagues have brought a level of dirty politics that is historic.,1,1,1,1,1,1,0,1,1,1
"If you push Brett Kavanaugh through without an FBI investigation and fair hearing, we will vote you all out now and in 2020! @lisamurkowski @senblumenthal #TW #StopKavanaugh  #MeToo #CancelKavanaugh https://t.co/Car8oYNjTX",1,1,1,1,1,1,1,1,1,1
"@SenBlumenthal U do that &amp; don‚Äôt forget your other forgotten subjects of grandstanding for the vote highlights. Russia but not w/Dems, hush funds &amp; sexual misconduct but not w/Dems (Ellison, etal), &amp; get some of your bloody dressed protestors, &amp; the anti-Semitic Sarsour to join you...hypocrite",1,1,1,1,1,1,1,1,1,0
@SenBlumenthal What happens when someone accuses you without any proof? We believe them??,1,0,1,1,1,1,1,0,0,1
@KatiePavlich @SenBlumenthal You mean other than lying about being in Vietnam?,1,0,1,0,1,1,0,0,0,0
@CNNSitRoom @SenBlumenthal @wolfblitzer Holy Dog S?$!  The real thing being hidden is Blumenthal's military service records,0,1,1,1,1,1,0,1,0,0
"@SenBlumenthal since you are wanting an investigation  of something that happened 40 years ago, are you gonna look into the bill clinton rape cases ?",1,1,0,1,1,0,0,1,0,0
@SenBlumenthal Bullying?? Constraints?? The dates have been moved several times at the request of fords attorney.,0,0,0,1,1,0,0,0,0,1
@SenBlumenthal The only bullies evident here are Fords lawyers and the radical left. Yes that includes you Mr Blumenthal,0,1,1,1,1,0,0,0,0,0
"If you push Brett Kavanaugh through without an FBI investigation and fair hearing, we will vote you all out now and in 2020! @lisamurkowski @senblumenthal #TW #StopKavanaugh  #MeToo #CancelKavanaugh https://t.co/AAGI6Ke2dE",1,1,1,1,1,1,1,1,1,1
@SenBlumenthal You are such a dirty snake,1,1,1,1,1,1,0,1,0,1
"@CNNSitRoom @SenBlumenthal @wolfblitzer Lied about service record, why would anyone believe you on anything. Must be some really gullible ppl who elected you.",1,1,0,1,1,1,0,1,1,1
@KatiePavlich @SenBlumenthal Blumenthal should be prosecuted for using stolen valor to help him get elected,1,1,1,1,1,1,0,1,1,1
"@SenBlumenthal @SenateDems Just vote no sir
Surely other people‚Äôs votes are there‚Äôs, correct?
Or do u take their vote too!!",0,1,0,1,0,1,0,1,1,1
@SenBlumenthal @StageYaneu The highlight of my day is when you‚Äôre on CNN. Measured and smart.,0,0,0,0,0,0,0,0,0,1
@SenBlumenthal Your comments are ludicrous and dishonest! Lawlessness is not a strategy! The Character Assassin has not provided any collaboration. Due process is a fundamental legal concept that you and Yale Law students have ignored,1,1,1,1,1,1,0,1,1,0
"@KatiePavlich @SenBlumenthal Turned CT upside down, side by side with Malloy. He's a POS.",1,1,1,1,1,1,0,1,0,1
"@tomselliott @NoahCRothman @SenBlumenthal That's backasswards. Burden is on the accuser. Blumenthal is stupid or lying. Which is it, Blumenthal?",0,1,1,1,1,1,0,1,1,1
@CNNSitRoom @SenBlumenthal @wolfblitzer The new demagogue of 2018. The reincarnation of Joe McCarthy of the 1950's is Senator Blumenthal who has Judge Kavanaugh guilty. Even though there is zero corroborating evidence.,1,0,1,1,1,0,0,1,1,1
"@CNNSitRoom @SenBlumenthal @wolfblitzer Does Blumenthal seem like he is mentally balanced to the rest of America, because there appears to be something really off to me about this dude.",0,1,1,1,1,0,1,1,1,1
@KatiePavlich @Tomas3percenter @SenBlumenthal He is a confirmed liar about his time in Vietnam. Claimed he served but never did. POS.,1,1,1,1,1,1,1,1,1,1
@KatiePavlich @SenBlumenthal Go get 'em @KatiePavlich Put that #Fake #VietNamVeteran in his place. #ConfirmBrettKavanaughNow,0,1,1,1,1,1,1,1,0,0
@SenBlumenthal Not survivors! They are LIARS just like you Mr. Stolen Valor,0,1,1,1,1,1,0,1,0,1
"@CNNSitRoom @SenBlumenthal @wolfblitzer Oh btw, Mr. Stolen Valor, YOU HAVE ZERO CREDIBILITY. Unlike you, I have been in combat in multiple Afghan campaigns. Why do most congressmen lack integrity?",1,1,1,1,1,1,0,1,1,1
"@SenBlumenthal #fordislying #ConfirmBrettKavanaugh 
This is the lamest story I ever heard. You know you don‚Äôt believe her either. But it fits your political agenda.",0,1,1,1,1,1,0,1,0,1
"CONNECTICUT!!!???? @SenBlumenthal WTF, WTH do we have that many screws lose? SAD!üò¢‚òπÔ∏èüôÅüò≠",0,1,1,1,1,1,0,1,0,1
"@SenBlumenthal You‚Äôre an ignorant sob, but you know that. You have no place to talk about the Senate rules, something you have proven you know nothing about.",1,1,1,1,1,1,0,1,1,1
"If you push Brett Kavanaugh through without an FBI investigation and fair hearing, we will vote you all out now and in 2020!

@lisamurkowski @senblumenthal #TW #StopKavanaugh  #MeToo #CancelKavanaugh https://t.co/2KWiUe2mBV",1,1,1,1,0,1,1,1,1,1
@KatiePavlich @SenBlumenthal I believe Blumentahal is making this pledge on his Vietnam metals of valor.,0,0,0,1,1,0,0,1,0,1
@KatiePavlich @SenBlumenthal Katie didn‚Äôt senator blumenthal claim he served in Vietnam,0,0,0,1,1,0,0,0,0,1
@CNNSitRoom @SenBlumenthal @wolfblitzer He‚Äôs a ‚Äúbig liar‚Äù saying he went to Vietnam! This guy should be banished from Senate. No one can be such a hypocrite he has many enemy‚Äôs in Congress!!,1,1,1,1,1,1,1,1,1,1
@SenBlumenthal My mother is a survivor of sexual assault and I am a product of that sexual assault. This is verifiable if anyone doubts me. I don't need anyone like YOU standing for me. You disgust me.,1,1,1,1,1,1,0,1,1,1
"@SenBlumenthal Says the decorated war hero üòÇ! You sir, are a joke.",0,1,1,1,1,1,0,1,0,1
"If you push Brett Kavanaugh through without an FBI investigation and fair hearing, we will vote you all out now and in 2020! @lisamurkowski @senblumenthal #TW #StopKavanaugh  #MeToo #CancelKavanaugh https://t.co/QfInI6q27j",1,1,0,1,0,1,1,1,1,1
@SenBlumenthal You had no problems with Obama hiding documents BUT NOW it seems like a big thing. You're a hypocrite and should be impeached for your attempts to bring BS accusations against Kavanaugh BUT you haven't said shit about Keith Ellison assaulting his girlfriend twice!,1,1,1,1,1,1,1,1,1,1
"@CNNSitRoom @SenBlumenthal @wolfblitzer I bet we can find something ""credible"" on the senator too.",0,0,0,0,1,0,0,0,0,0
"@plantlady293 @RealMAGASteve @SenBlumenthal u know what investigations the FBI does, Stolen Valor, scumbag.",1,1,1,1,1,1,0,1,1,1
"@KatiePavlich @SenBlumenthal When the king of liars supports her you know it‚Äôs bogus. I‚Äôm not certain, but I think Fords dad may have served in Vietnam with @SenBlumenthal",1,1,1,1,1,1,0,1,0,1
@SenBlumenthal was caught laughing behind Mazie when she told men to shut up. Did she mean only men who disagree with her? #MorningJoe,1,1,1,1,1,0,0,1,0,1
@SenBlumenthal Coming from a proven liar.  Not to creditable,1,1,1,0,1,1,0,0,0,1
"@KatiePavlich @Veteran4Trump @SenBlumenthal Our leadership here in Ct is the worst and truly an utter embarrassment! This is why Connecticut is so expensive and living here gets harder and harder. These idiots don‚Äôt care about CT citizens at all, but will spew crap about things that don‚Äôt involve them!",1,1,1,1,1,1,0,1,1,1
"@SenBlumenthal Senator,
          To have someone who has claimed to have served in Viet Nam make any charge of lying against Brett Kavanaugh is truly laughable.  Stolen valor is far more serious than a 36-year, alcohol addled, vague remberance of a supposed ""sexual encounter.""",1,1,1,1,1,1,0,1,1,1
@SenBlumenthal Did you lie in good conscience about serving in Vietnam?,1,1,1,1,1,1,0,1,1,1
"@SenBlumenthal What are you talking about? Grassley has been MORE than accommodating to t
DRM Ford.",0,0,1,1,0,0,0,0,0,1
"@wandoo1955 @SenBlumenthal should recuse himself from anything to do with false memories.
https://t.co/SzlwoIHzLQ",0,0,0,0,1,0,0,0,0,1
@SenBlumenthal if it weren‚Äôt so serious I would laugh at your comments saying Judge Kavanaugh has to prove his innocence! You are disgusting POS who should burn in hell for all eternity ! #ComfirmKavanaughNow,1,1,1,1,1,1,1,1,1,1
"@KatiePavlich @SenBlumenthal How can that dweeb, Blumenthal know ANYTHING about courage?",1,1,0,1,1,1,0,1,1,1
@SenBlumenthal Just another Dem liar.  Confirm Kavanaugh now.,0,1,1,0,1,1,0,0,0,1
"@ChrisMurphyCT @SenBlumenthal

Please pay attention to this! This is beyond ""youthful indiscretion"".

New Allegation of Sexual Misconduct, from Brett Kavanaugh‚Äôs College Years, by His Yale Classmate Deborah Ramirez | The New Yorker

https://t.co/0qMakJqQ2E",0,0,1,1,1,0,0,0,1,1
"@SenBlumenthal @Bittyreen Breaking news, Dems have found a woman that is prepared to come forward and testify that Kavanaugh murdered her at a drunken party in high school",0,0,1,1,1,1,0,0,1,0
@SenBlumenthal millions of people agree but #Republicans don't care. They want someone on SCOTUS who will follow their agenda! Time for #Democrats to stop being bullied by these #Republicans! The Supreme Court judges care little about Constitution. It's all about politics! https://t.co/FJnWvG0ojU,1,0,1,1,0,0,0,1,1,1
@codisch @SenBlumenthal So a POTUS that is incapable of telling the truth is okay with you? #doublestandardmuch #potcallingkettleblack #stopbeingahypocrite,0,1,1,1,1,1,0,1,1,1
@SenBlumenthal @BolynsProgeny Please don't let the law clerk flashing white power signs to sit behind him again.,0,0,1,0,0,1,0,0,1,1
"@SenBlumenthal DELAY???

Don't you mean WITHDRAW??? https://t.co/1kypUvtrSl",0,1,1,1,1,0,0,0,0,1
@SenBlumenthal Tell the students about your heroics in Nam.,1,0,0,0,1,0,0,0,0,1
@SenBlumenthal What a load of crap.....,0,1,1,1,1,1,0,1,0,1
"@SenBlumenthal Key words being ""good conscience"" .",0,0,0,0,1,1,0,0,0,0
"@SenBlumenthal Are you Richard Blumenthal, the Vietnam war hero who ""misspoke""? It's better known as deception, fraud, or just plain bald-face lying. And you were CT's Attorney-General? You are the epitome of virtue signaling slime.",1,1,1,1,1,1,1,1,1,1
"@SenBlumenthal She will never testify. She's lying, as are all of you, and she's not going to lie under oath. This was a scam from the get go and you know that.",1,1,1,1,1,1,0,1,0,1
"If you push Brett Kavanaugh through without an FBI investigation and fair hearing, we will vote you all out now and in 2020! @lisamurkowski @senblumenthal #TW #StopKavanaugh  #MeToo #CancelKavanaugh https://t.co/1CBC41BPVv",1,1,1,1,0,1,1,1,1,1
"@KatiePavlich @SenBlumenthal He thought he served in Vietnam for awhile but, was mistaken. Is that enough?",1,0,0,0,1,0,0,0,0,1
"@SenBlumenthal Disgusting demagogue you are reincarnation of Joe McCarthy of 1950's.  Kavanaugh does not get presumption of innocence like any other citizen. You and fellow Dems don't want justice. Completely ignored conference call with Judge last week. Already guilty, with zero corroboration.",1,1,1,1,1,1,0,0,1,1
@SenBlumenthal If anyone has prejudged it you &amp; your Dem colleagues. You announced you would vote against Judge Kavanaugh before any meeting hearing or discussion. Bias is on you.,1,1,1,1,1,1,1,0,1,1
"@SenBlumenthal After all this theater by the Democrats I sincerely hope her case is stronger then your, Senator Blumenthal's, service in Vietnam.",1,0,0,1,1,0,0,1,1,1
"@SenBlumenthal Dr Ford is a liar being used not understanding her life is also ruined, but being the vindictive person she is it shouldn't matter, an attempt to destroy an innocent man and you know is innocent is a ticket to Hell without repentance",1,1,1,1,1,1,1,0,1,1
Is this @SenBlumenthal  who lied about being in combat when he spent his entire military time in the U.S.?  Zero credibility person. https://t.co/4jlnygzYqU,1,1,1,1,1,1,0,1,1,1
@jstaffel1 @SenBlumenthal Nobody saw you either!!,0,1,1,1,1,0,0,0,0,1
@thehill @SenBlumenthal Why don't you shut up. You have zero credibility. We know for a fact you lie.,1,1,1,1,1,1,1,1,1,1
"@SenBlumenthal Unbelievable, Judge touting about fair hearing without proper investigation and due process!

What if Brett Kavanaugh is victim of multiple personality disorder!",1,1,1,1,1,1,0,0,1,1
@SenBlumenthal @marstu67 Thank you!,0,0,0,0,0,0,0,0,0,1
"@SenBlumenthal Democrates should never run this Country again, this Party is the most vile and deceitful the Country has ever seen, I am sure Putin is so proud of his proteges he himself couldn't do a better job of destroying America, Hell has assigned seats for this Party",0,1,1,1,1,1,1,1,1,1
@SenBlumenthal It's up to the WH to prove Kavanaugh's innocence? Really. Where did you get educated about civics &amp; the Constitution? (or did you?) You are despicable. #confirmKavanaughnow #womensupportingKavanaugh,1,1,1,1,1,1,1,1,1,1
"@SenBlumenthal Buying a woman to sexual assault scores of years ago is just One More corrupt politician‚Äôs or criminal supporters  of the corrupt demoncüêÄ party, it‚Äôs overwhelmingly OBVIOUS",1,1,1,1,1,0,0,1,1,1
@AG_Conservative @billpostmus Shocker! @SenBlumenthal is also a POS who thinks stolen valor is okay!,1,1,1,1,1,1,0,1,1,1
"@SenBlumenthal War https://t.co/Zw3S9I8RdJ via @YouTube WAR!
What is Blumenthal good for?
Absolutely nothing    @GrassleyPress",0,0,1,1,1,1,0,0,0,0
"@ChrisMurphyCT @SenBlumenthal 

How about some legislation to protect Mueller's job?",0,1,1,0,1,0,0,0,0,0
"@JohnMetzger4 @SenBlumenthal You‚Äôre right. His official record might be spotless. But there is a bunch of documented stuff, including lying under oath. ‚ÄúStuff‚Äù that is publicly available that for some reason is being totally ignored, but is an official record of sorts, and IMO, counts.",1,1,1,1,0,1,0,0,1,1
"If you push Brett Kavanaugh through without an FBI investigation and fair hearing, we will vote you all out now and in 2020! @lisamurkowski @senblumenthal #TW #StopKavanaugh  #MeToo #CancelKavanaugh https://t.co/T79LC9fr4s",1,1,0,1,0,1,1,1,1,1
@KatiePavlich @SenBlumenthal You can't believe everything people tell you. Isn't that right Senator?,0,0,1,1,1,0,0,0,0,0
@SenBlumenthal What about the death threats against the Judge and his family that you have already determined is a liar and guilty without a shred of evidence.  With all due respect you sir are a hypocrite,1,1,1,1,1,1,0,0,1,1
"@SenBlumenthal hysterically suggests the Republicans have a ""good conscience"". https://t.co/1pFQ3Wsjor",0,0,0,0,0,0,0,0,0,1
@snoopuhh @ChrisMurphyCT @SenBlumenthal Because it‚Äôs their plan to delay confirmation while destroying a man and his beautiful family. #Nosouls,1,1,0,1,1,1,0,0,0,0
"@SenBlumenthal  REP SHOULD VOTE KAV IN, U CAN INVESTIGATE TILL THE COWS COME HOME - YOU WONT FIND ANYONE TO CORROBORATE THESE ALLEGATIONS. THIS IS THE LOW POINT FOR THE DEMOCRATIC PARTY!",1,1,0,1,1,1,0,1,0,0
"@KatiePavlich @SenBlumenthal Too bad shes not courageous enough to get on a plane, like 2.587 million  other people do in America everyday. You can bet the dems are desperately trying to avoid her testifying, delay, delay, delay. Pathetically obvious.",0,1,0,1,1,1,0,0,1,1
@KatiePavlich @SenBlumenthal I think we all know the game these seditious Dems are playing.,0,0,1,1,1,0,0,0,0,1
@SenBlumenthal Make sure all those young people are registered to vote!,0,0,0,0,0,0,0,0,0,1
@SenBlumenthal WHY DO YOU KEEP EMBARRASSING CONNECTICUT!!!! We know these are hit pieces against Kavanaugh! &amp; he‚Äôs given no presumption of Innocence! You need to resign!!!! You and Murphy are sell outs &amp; this only hurts #RealRapeVicitms,1,1,1,1,1,1,1,1,1,1
"@SenBlumenthal Your day is coming ! But unlike kavanaugh,  there will be hardcore evidence on you !",1,1,1,1,1,1,1,0,0,1
"@SenBlumenthal 

Did you go to law school?  Rebut a claim... what happened to presumed innocence. I live in CT and you embarass me.",1,1,1,0,1,1,0,1,0,1
"@SenBlumenthal Vile bullying?! If you think this is bullying, you learned nothing in Veitnam. Oh, right...you weren't there.",1,0,1,1,1,1,0,1,0,1
@SenBlumenthal When you've sold your soul to the highest bidder.... easy to do!!   The GOP is beyond corrupt.  You can't make this s^*t up!!!!,1,1,1,1,1,1,1,1,1,1
@SenBlumenthal So did you tell them your cool Vietnam stories?,0,0,0,0,0,0,0,0,1,1
@SenBlumenthal Why is your face so tight?,0,0,0,0,0,0,0,0,1,0
"@SenBlumenthal Says the decorated phony ""war hero"" ü§™",0,1,1,1,1,1,0,1,1,1
"@JewhadiTM @SenBlumenthal @senjudiciary He probably told him about his Viet Nam war experience. The future of the legal system in good hands, if this is any indication.",0,0,0,0,0,1,0,0,0,1
@SenBlumenthal You lie about your military record and now you are an expert on judging the SCOTUS nominee‚Äôs character!  Best laugh all day! You should have been thrown out of the senate along time ahi!,1,1,1,1,1,1,1,1,1,1
"@lilyswan88 @crvaccaro @SenBlumenthal Court rulings affect men's lives too, with all due respect.",0,1,0,0,0,1,0,0,0,1
"@SenBlumenthal Kavanaugh, Trump and the @GOP have brought repeated shame and scandal to the public square. Kavanaugh needs to withdraw. #WithdrawKavanaugh",0,0,1,1,1,1,1,0,0,1
"I'll tell you I have hocked luggies with more sense and character than @SenBlumenthal and after that statement, I sure would like to roll around in the dirt trading knuckle tatoos with #LyingCowardBlumenthal. Bet he never tatoos me! https://t.co/OqtJldBPw9",0,1,1,1,1,1,1,0,1,1
@SenBlumenthal Start will Bill Clinton's accusers!,0,0,0,1,1,1,1,1,1,0
@Sparkys_Life @KatiePavlich @SenBlumenthal He better make sure she goes under oath!,0,1,0,1,1,0,0,0,0,0
@SenBlumenthal  know FBI has no criminal jurisdiction. If u were so righteous why have u not gone after Ellison. Y cause he is a ranking Dem &amp; u can not U r spineless I remember when u criticized Ted Kennedy &amp; Bill Clinton. Then  Dems needed u 2 run 4 senator &amp; u became a puppet.,1,1,1,1,1,1,1,1,0,1
@AmericanConser9 @SenBlumenthal What was water gate about and how many times do u want the Clintons investigated! Believe me I'm not found of the Clintons but I get fucking tired of all liberal hash tagging that conservative throw out-it is both sides of the aisle and don't forget it! Trump is bad as Clinton!,1,1,1,1,1,1,1,1,1,1
@LilyHoole @sandy_57 @SenBlumenthal Were you aware that Sen. Grassley has brought in a sex crimes prosecutor to aide the committee? So if Judge Kavanaugh is guilty he‚Äôs gonna fall. However; if Ford is guilty of falsely accusing she is up the proverbial creek. With no paddle. Not even a canoe.,0,1,0,0,0,1,0,1,0,1
"@SenBlumenthal I'm  surprised that all those students would want to associate  with a confirmed, admitted, liar, like you.
Tell me. 
How long exactly did you serve in Vietnam???",1,0,1,1,1,1,1,0,1,1
@SenBlumenthal Judge doesn‚Äôt want to lie under oath about what Kavanaugh did at his predatory school.,0,0,1,1,0,0,0,0,1,1
"@SenBlumenthal It's easy to see how someone would make up info in order to save the world. People still think Trump is Hitler and going to kill millions of people because you tell them he is. 
You scare them into irrational behavior and actions. 
YOUR WORDS GAVE REPERCUSSIONS.",1,0,1,1,1,1,1,0,0,1
@SenBlumenthal Coming from the man who lied for decades about his Vietnam military record!,0,0,1,1,1,1,1,1,0,1
@SenBlumenthal Spare us the sanctimony!  Get your law right.  Innocent until proven guilty and Ford has 0 corroborating witnesses while Kavanagh has 4 witnesses and 65 female classmates support him.,1,0,1,0,0,1,1,0,0,1
"@maureendowd Where was your sympathy and support for Jennifer Flowers, Kathleen Willey, and Juanita Broderick?  Yet, a victim of solely unwanted advances as a drunk teenage girl gets your vociferous support?  Further, no pattern of behavior has been established.  Not buying it...",1,0,0,1,1,1,1,1,0,1
"@maureendowd @hillhulse What happened, Maureen? You were always respected for your opinions, research and masterful presentations of how we see ourselves. But, you've fallen off the deep end. I don't know why &amp; we don't agree with anything you say anymore...take care...goodbye.",1,1,1,0,1,1,1,1,0,1
"The sheer gall of @maureendowd to write, ""It is unnerving to think how far women have come, only to find ourselves dragged back to the same place.""

She led the sliming of Hillary, treating her with bitter disdain. And even swipes at her in this piece. https://t.co/kipc5QAc35",1,1,1,1,1,1,1,0,1,1
.@maureendowd at her glittering best: Sick to Your Stomach? #MeToo https://t.co/QP2FDhHktM,0,0,0,1,1,1,0,0,0,0
@maureendowd @MalcolmNance You probably shouldn‚Äôt have been so relentless in your attacks on clinton.,1,0,0,0,0,1,0,1,0,0
"@maureendowd @maggieNYT Less than a year ago, Dowd wrote: ""First, with Clarence Thomas, a feminist lynch mob tried to kill off a conservative Supreme Court nominee over sex when the real reason they wanted to get rid of him was politics.""
https://t.co/cHHVpG04I4",1,0,0,1,0,1,1,0,0,0
"@nytimes @maureendowd It‚Äôs because she‚Äôs trying to obstruct it with a lie. What is it about that, that you cannot see?",1,0,0,1,0,1,1,0,0,0
"@maureendowd I don't know Maureen, it seems you kind of own this a little bit. Good piece though, but not quite ready to say thank you just yet. Did Hillary weigh in on it?",1,0,0,0,0,0,1,0,0,0
"""The times they are a' changin' and the boys here don't get it on this issue. They don't really understand what sexual harassment is and it's not important to them. They tried simply to dispense with her in short order.""  - 1991 @maureendowd column https://t.co/szY8f7huqs",1,0,0,0,0,1,0,0,0,0
@maureendowd Yes we will. Somethings never change. Duh!üò±,0,0,0,0,0,1,0,0,0,0
"@maureendowd I think you mean 'top of the planet' Maureen. But yes, he's a complete lying arsehat just like Trump.",0,1,0,1,0,1,1,0,0,0
@maureendowd Perhaps if you hadn‚Äôt fought so hard to destroy @HillaryClinton we wouldn‚Äôt be facing this spectacle.,0,0,0,1,0,1,1,0,0,0
@maureendowd Once again we see a political hit.  Conscience?  You don't seem to have one.,1,1,1,1,0,1,1,1,1,0
"Columnist @maureendowd is a sign of The New York Times, writes Paul Kelly
https://t.co/z0LhsRFB4M @nytimes https://t.co/pkrqzY5XPR",0,0,0,0,0,0,0,0,0,0
@nytimes @maureendowd What about the pummelling of an individual's life without any evidence and the destorying of our long held rule of innocent until proven guilt.,1,1,0,1,1,1,1,0,0,0
"Scott Morrison on drought and climate change, with @maureendowd: ‚ÄúI just don‚Äôt think it‚Äôs relevant to the discussion about how we‚Äôre helping farmers‚Äù https://t.co/65OYCYiPFI #auspol",1,0,0,0,0,1,0,0,0,0
"@maureendowd If the Dems cared about #metoo then allegations of Paula Jones, Monica Lewinsky, Kathleen Willey, and Juanita Broaddrick against Clinton would have their day in court. And more recently, Minnesota Rep, Keith Ellison would be run out of town on a rail for recent sexual misconduct.",1,0,0,0,1,0,1,1,1,1
@nytimes @maureendowd And I most dread the rhyming history we are plunged into now: the merciless pummeling of a man who dares to obstruct the liberal agenda of the Democrats and their media.,1,0,0,1,0,1,1,0,1,0
"@peterdaou @AndthenIsleep @maureendowd Jealous, she knows HRC is the true POTUS. Bleating in the wind because she's a has been.",1,1,0,1,0,1,1,0,1,0
"@nytimes @maureendowd Women who lie about rape make me sick to my stomach,almost as much as anything written by the phony New York times.",1,1,1,1,1,0,1,0,1,1
@maureendowd Hello from flyover country. You still can‚Äôt see us? We like Trump,1,0,0,0,0,1,1,0,0,0
@maureendowd Nice try Down! You are despicable!,1,0,1,1,1,1,1,0,1,1
@maureendowd's J'accuse in today's @nytimes concludes with an observation that should shame DC political actors and their enablers: https://t.co/fR6UrNVecw,1,0,0,1,0,0,0,0,0,0
"@maureendowd The same way you consistently ""mauled"" Hillary Clinton.",0,1,0,1,0,1,1,0,0,0
"@maureendowd Thanks, Maureen. Your clarity will, hopefully, light the road for those on high beams that can‚Äôt see the way for the mist.",0,0,0,0,0,1,0,0,0,0
"@peterdaou @maureendowd Smart Women do not to read Dowd, she has been riding on her Pulitzer for years. She is a disgrace and only preaches to her own choir @nytimes this is part of your problem, you only talk to yourselves, you have abandoned your readers.",1,1,0,1,1,1,1,1,0,0
".@MaureenDowd is laser-like in her deconstruction of Scott Morrison in ""Trump Finally Makes a Friend"" https://t.co/2iIXy8emFn There are 2 errors though.  He is not the Prime Minister but #PrimeMuppet &amp; his nickname is #ScumMo or #SloMo #auspol",1,1,0,1,0,0,1,0,0,0
@nytimes @maureendowd 60 million americans believe     30000 emails self washed themselves,1,1,0,1,0,1,1,0,1,0
We haven‚Äôt forgotten our history. But we still seem doomed to repeat it. @maureendowd https://t.co/HUHhhAbuyF,1,0,0,0,0,1,1,0,0,0
@maureendowd It's painful to watch Anita Hill been judged by disgusting old white men. We as a woman should stick together to fight the injustice üëäüèªüåπüá∫üá∏üíÉüèª,1,1,1,1,1,1,1,0,0,1
"@maureendowd When Kathleen Willey claimed Bill Clinton groped her in the Oval Office did that allegation make you ""sick to your stomach""?  Or did you not believe her? Oh, that's right Bill Clinton was a Democrat.",1,1,0,1,1,1,1,0,1,1
"@maureendowd If the Republicans on the Judiciary Committee have their way, we may instead see them sitting back smugly and cowardly, as a female prosecutor grills Dr. Ford, hoping that this manipulation has fooled Americans into thinking that they have changed since Anita Hill.",1,1,0,1,1,0,1,0,0,0
"@maureendowd You make me sick with your comments about Judge Kavanaugh. Attacks on this fine man and judge are merely b.s. attempts by Democrats to delay or defeat his nomination. ""Accuser"" Ford won't testify under oath because she would be committing perjury. No ""Witnesses"".",1,1,1,1,1,1,1,1,1,1
@maureendowd Unfortunately (R) on the senate judiciary committee have forgotten that neither empathy and sympathy is valid only when used simultaneously.,1,0,0,0,0,1,1,0,0,0
"Oh please @maureendowd ‚ÄúThe feminists were less concerned with Hill's humiliation than with using her as a bludgeon to block a justice who would be devastating on women's rights‚Äù Are you sick to your stomach? Yes, .MeToo https://t.co/JeCj1ZkyqQ via @timesunion",0,1,0,1,1,1,1,0,0,1
"@maureendowd Hey!!!! It's not a trial, it's a job interview.....  Also don't recall GOP conservatives being keen on rights when it comes to work.....",1,0,0,1,1,1,1,0,0,0
Meanwhile - of course - @maureendowd doesn't even mention Ellison!,1,0,0,0,1,0,1,0,0,0
@maureendowd @MalcolmNance Thanks for giving us George W Bush with your Al Gore lies on claims he invented the internet and your anti-Hillary screed.  Your little derelict op-ed column has helped get this country where its‚Äô been for the past 18 years. Tired of winning Maureen?!,1,1,0,0,1,1,1,0,1,1
"@maureendowd @maggieNYT Weak, Maureen, weak. After all these years.",1,1,0,0,0,1,1,1,1,0
"@nytimes @maureendowd Typical liberal thinking
#LiberalismIsADesease",1,1,0,0,0,1,1,0,1,0
@maureendowd @maggieNYT Could you give an example of a hard question that may be poised to Dr. Ford that you think doesn't fall under the category of 'mauling' her?,0,0,0,0,0,1,1,0,0,0
"I believe @maureendowd just compared Australians to dogs. 

https://t.co/9kj5vb9Vfp",1,0,0,1,0,0,1,0,0,0
@peterdaou @maureendowd I canceled my subscription to NYT because of Dowd. She's been slimming the Clinton for Decades. She's just a bitter b_t_h.,1,1,1,1,1,1,1,1,1,1
"@maureendowd This is powerful, and I hope Dr Ford knows that there are many woman that will completely support her and believe her.",1,0,0,0,0,1,0,0,0,0
@maureendowd Desire how you‚Äôve been pleading with readers to realize how the GOP uses every little trick to marginalize women. How you cautioned us to not drink the anti-Hillary KoolAid because it was tired old patriarchy,0,0,0,1,0,1,1,0,0,0
"@bairdjulia @maureendowd As someone who has only recently had my (latent) Australian citizenship confirmed (born in PNG) - this is embarrassing, and makes us look like parochial laughing stocks in the urbane and wider world. I think I‚Äôm going back to identifying as a New Zealander...",0,1,0,1,1,1,1,0,0,0
"@maureendowd apparently she's still looking for a collaborator to support her story. Can you cover for her? I think it's up to $50,000.",1,0,1,1,0,0,1,0,0,0
"If you want a study into the sheer depth of the ideological prejudices and unreliability of The New York Times look no further than @maureendowd's fantasy reports, writes Paul Kelly  https://t.co/aXxMHdoGxH",1,0,0,0,0,1,0,0,1,0
"We haven't had to wait twenty-seven years to watch women get mauled, @maureendowd, we've been able to read your shitty misogynistic columns in the meantime. https://t.co/mdClXFwKFc",1,1,1,1,1,1,1,1,1,0
@peterdaou @maureendowd I‚Äôve refused to read her since the election.,0,0,1,0,0,1,1,0,1,0
"the real vomit inducing truth @maureendowd is the message being sent

women blaming conservative women are to be believed
women blaming liberal men are to be ignored",1,0,0,1,0,0,1,1,1,0
"@maureendowd Great column , vintage MD...but we shall see if we ‚Äúare doomed to repeat it‚Äù...I think Dr BF will become the Rosa Parks of this moment and our age...stay tuned and keep the pressure on",1,0,0,0,0,1,0,0,0,0
"@maureendowd Right, Maureen, Dem women are so classy and wonderful, especially, those in https://t.co/zO2we2EpMZ",0,0,0,0,0,1,1,0,0,0
@maureendowd what happened to innocent until proven guilty?,1,0,0,0,0,1,1,0,0,0
@maureendowd Thank you for writing this column - it was an amazing read.,0,0,0,0,0,1,0,0,0,0
‚Å¶@maureendowd‚Å© As good as always #MeToo  https://t.co/dVy46ggDGP,0,0,0,0,0,0,0,0,0,0
@maureendowd Thank you,1,0,0,0,0,0,0,0,0,0
@peterdaou @maureendowd Maureen who ???,1,0,0,0,0,0,1,0,0,0
"@nytimes @maureendowd Part of MAGA?  Go back to when women were ‚Äòconfused‚Äô , ‚Äòemotional‚Äô , just put up with?",1,0,0,1,1,0,1,0,1,1
"In Opinion 
Opinion columnist @MaureenDowd writes, ""I most dread the rhyming history we are plunged into now: the merciless pummeling of a woman who dares to obstruct the glide path of a conservative Supreme Court nominee."" https://t.co/3wcEnm05zp",1,0,1,1,0,1,0,0,0,0
"Weinstein
Weiner
Ted Kennedy
Bill Clinton
Ellison
Moonves
Rose
Lauer
Halperin
Ailes

and @maureendowd mentions FOX and Ted Kennedy

vomit inducing is liberal women that refuse to look at the problem with liberal men",1,0,1,1,0,0,1,0,0,0
Sick to Your Stomach? #MeToo https://t.co/sQR1YKw9Az @maureendowd,1,0,0,0,1,0,0,0,0,0
@nytimes @maureendowd AND WHAT ABOUT THE WOMAN WHO DARES TO OBSTRUCT THE GLIDE PATH OF A LIBERAL POLITICIAN #KeithEllison  Do you Maureen Dowd approve of politics and media controlling women's RIGHTS? Remember your RIGHTS could be next.,1,0,0,1,1,0,1,0,0,1
"@maureendowd Thank you, Maureen.  When did we meet?",1,0,0,0,0,1,0,0,0,0
.@maureendowd is #complicit in dragging women back through her relentless attacks on Hillary. Very sad that the @nytimes continues to give her a platform. https://t.co/8zPYIySHij,1,1,0,1,1,1,1,1,1,0
@nytimes @maureendowd @nytimes Your opinions are as worthless as your #fakenews.,1,1,0,1,1,0,1,1,1,0
@peterdaou @maureendowd Maureen is gross. Part of the what‚Äôs the difference club. The difference: we could have had a rational decent leader instead we have a traitor.,1,1,1,1,1,1,1,1,1,0
"@maureendowd You don't know and don't pretend you do. Even if true and if she would have come forward, he would have been tried as a juvenile and records would be sealed. That is what our country does to protect people. This is Salem all over again!",1,1,0,1,1,1,1,0,1,1
"yes @maureendowd I'm sick to my stomach too--sick that the Democrats are trying to smear an innocent man. oh &amp; btw: your assertion that ""Teddy Kennedy stayed mute"" during the Clarence Thomas hearings is as untrue as Christine Ford's accusations.
https://t.co/p7UL038pza",1,1,1,1,1,1,1,1,1,1
@maureendowd St. Christine really is demanding and absurd. She has the world‚Äôs weakest argument if we apply normal evidentiary standards. She's a terrible poster child whose lionization brands accusers &amp; sympathizers as unreasonable people whose claims should be met with great skepticism.,1,1,1,1,0,1,1,0,1,0
@maureendowd great article today but the Fox News enablers are facilitating this train wreck You need to focus on Pirro and her husbands connection as well as hers to Trump personally,1,1,0,0,1,0,1,1,0,1
"@tribelaw @MelissaF_ColaSC @maureendowd Just out of curiosity, how do you know so matter-of-factly that nothing memorable happened to her?",0,0,0,0,0,1,1,0,0,0
"@nytimes @maureendowd This is the American fundamentalist version of the Taliban patriarchy. Women are not to speak against men, and if they're sexually assaulted, stone HER to death. 
Sick of these dikheds.

#Kavanaugh",1,1,1,1,0,1,1,1,1,1
@tribelaw @MelissaF_ColaSC @maureendowd You would remember if your only guy friend left a gathering and you were alone with 3 women.  You would remember but keep on dreaming you got something.  Lol,0,0,1,1,0,1,1,0,1,0
@maureendowd I dunno. But you go ahead write another Hillary the hawk article.,0,0,1,1,0,1,1,0,0,0
@JMurray247 @nytimes @maureendowd Then why won‚Äôt they bring in the other guy in the room and have him testify under oath?  Why wouldn‚Äôt Kavanaugh ask for the FBI to investigate this?,0,0,0,1,0,0,0,0,1,0
I think @maureendowd should know that @ScottMorrisonMP has eloquently &amp; often reconciled his ‚ÄúChristian values and the role he plays in dooming children to offshore detention centers.‚Äù His success in ‚ÄòStopping the people smugglers boats‚Äô saved many children from death by drowning https://t.co/kVuj9qjU0s,1,1,1,0,0,1,1,0,0,0
@maureendowd Nice work &amp; excellent articulated points of faith based hypocrisy by this wannabe populist phoney @ScottMorrisonMP .. I always believe it's the unethical antics of #Trump that Aussie conservatives admire the most,1,1,0,1,1,1,1,0,1,0
@jeffreyjayson @KatDeclares @maureendowd she is incapable or reason or rational thought.   That makes coherent writing nearly impossible.,1,1,1,1,0,1,1,0,1,0
@maureendowd Mayella Ewell has finally found her voice in Maureen Dowd.,0,0,0,0,0,0,0,0,0,0
@maureendowd did the #DukeLax #UVAfraternity #SacredHeartUFootball men all lie about rape too? Tawana Brawley?,0,0,1,1,0,1,1,0,1,0
"@maureendowd @nytopinion Anita Hill 2.0 
the more things change the more they remain the same. this will hurt the GOP. possibly a fatal blow",0,1,0,0,0,0,0,0,0,1
@TerryHerber1 @nytimes @maureendowd You have no grounds for such a statement. Your opinion is irrelevant.,1,1,1,0,0,1,0,0,1,0
@maureendowd KEEP UP THE VALIANT WORK.,0,0,0,0,0,0,0,0,0,0
"@maureendowd @maggieNYT Because, if not, then you've answered your own question.",0,0,0,0,0,0,0,0,0,0
"@nytimes @maureendowd ""Merciless Pummeling"" = Senate willing to delay its business weeks to accommodate her evidence-free accusations.",0,0,1,0,0,1,1,0,1,0
"@maureendowd Wouldn‚Äôt be here if not for women like you, who have spent years helping a bunch of men like these.",0,0,1,0,1,0,1,1,1,1
"@maureendowd That‚Äôs why these cowards won‚Äôt ask the questions themselves in abdication of their responsibilities.   Her counsel must demand it.  They won‚Äôt subpoena Mark Judge, whose sad view of women is public record, and who is hiding. Wonder why he won‚Äôt be questioned?",1,1,1,1,0,1,1,1,1,0
@maureendowd @nytopinion Who‚Äôs fault is that?  They offered to take her testimony in private.,0,0,0,0,0,0,0,0,0,0
@nytimes @maureendowd She dared lie about a man attempting to rape her 36 years forever ruining his reputation. The accuser should be held accountable for their lies. Her own lifelong friend denies ever even meeting Kavanaugh. NYT admitting they tried to destroy an innocent man cuz he is an R,1,1,1,1,1,1,1,1,1,1
"@JoyceWhiteVance @maureendowd Q: Why do women constantly have to relitigate hard-won rights in this great country?
A:It's not because of the Democrats.",0,0,1,1,1,1,0,0,1,1
"@maureendowd Oh please, @maureendowd !! If the Dems are so concerned for this woman why was the accusation so late in the process. At least have the courage to call it a delay tactic.",1,1,1,1,0,1,1,1,1,0
"@maureendowd @maggieNYT let this anti-trump activist, Christine, through her dem donor lawyer, both controlled and manipulated by the once obstructionist now EVIL dems, tell her story. then vote and CONFIRM Brett. WINNING !!! MAGA it's happening !!",0,1,1,1,1,1,1,1,1,0
@maureendowd @maggieNYT Read your history on the hearings. There was absolutely no evidence against Justice Thomas then nor now! The same will be true for Justice Kavanaugh. Belief is based upon evidence. Guilt is too! You are turning our system of justice on its head! Truth matters!,0,0,0,1,0,1,1,0,1,0
"""Anita Hill was alone, in a hearing room full of Republican liars and Democratic cowards, getting ripped apart as 'a little bit nutty and a little bit slutty'"". Doomed to repeat history? Great piece from @maureendowd #Kavanaugh #ChristineBlaseyFord https://t.co/QDSVF9jwAm",1,1,0,0,0,0,1,1,0,1
"@maureendowd  of ""Donald the Dove, Hillary the Hawk"" fame should take a bow. Like, what was she expecting? Sick to Your Stomach? #MeToo https://t.co/4OUbElsH1s",1,1,0,1,0,1,1,0,1,1
"@maureendowd @maggieNYT Speaking of mauled, have you heard the one about Keith Ellison?",0,0,0,0,0,0,1,0,0,0
@peterdaou I wonder why @maureendowd hasn't covered Trump's sexual assault accusations or the @StormyDaniels scandal with the same fervor? üôÑ,0,0,1,1,0,1,1,0,1,1
@maureendowd Mauled? Gender-bait much? Ford is bringing a damning accusation forward with scant evidence.  You bet she will be thoroughly cross-examined as she should!,1,1,1,1,0,1,1,0,1,1
@maureendowd Good column.,0,0,0,0,0,0,0,0,0,0
"@maureendowd @MalcolmNance To b honest that's all they can do to make themselves feel like real men, because these GOP male Politicians and this Adminstration has nothing really to offer women,they were evidently never taught to respect and appreciate women that made their very existence possible .",1,1,1,0,0,1,1,0,1,0
@nytimes @maureendowd He is good man this bitch has no proof,1,1,1,1,1,1,1,1,1,1
@brianstelter @maureendowd The American people are on to the Elite media and they dont pay any attention. CNN &amp; NYT are both failing and the only people who pay attention to figures in the elite media are other members of the elite media. A circular fire squad. Idiots!,1,1,1,1,1,1,1,0,1,1
"@JoyceWhiteVance @maureendowd For the women too young to remember and who have never known anything but freedom, please #VoteBlue.  Women fought long and hard for these rights and to have their voices heard.  Don‚Äôt let them take it away now.",0,1,0,0,0,0,0,1,0,0
"@maureendowd Wrong! President Trump has friends and supporters everywhere. Mean spirited crap, Maureen.",1,1,1,1,1,1,1,0,1,0
"@maureendowd Where u been Maureen. I hope u are safe &amp; well dear. The so-called party of religion &amp; family values are sold out. Satan rules them. They cut their noses off, to spite their faces!",1,1,1,1,0,1,1,0,1,0
"""Post #MeToo, the Republicans know they have to be more careful on the surface,"" writes @MaureenDowd. ""Their wet work to discredit Christine Blasey Ford will have to be outsourced and done mostly outside the hearing room."" https://t.co/rEQ3QYGWgS",0,0,0,0,0,0,0,1,0,0
@maureendowd Mauled by Republicans who've already said they've decided their vote regardless of her testimony.,1,0,0,1,0,0,1,0,0,0
AAP snapped pic of the Scott Morrison's 'I stopped these' trophy as referenced in the @maureendowd NYT piece https://t.co/K7S4kYRM3Q,0,0,0,0,0,0,0,0,0,0
"@FuckleyB @nytimes @maureendowd This,!  Add his other questionable actions (potential lying, stolen emails) as well as his attitude towards women combined maje the whole nomination sick.  This is supposed to be a judge at the highest level...",1,0,1,1,0,1,1,1,1,1
"@bosdad27 @maureendowd By tricks do you mean present a witness with relevant info about the nominee‚Äôs character, but not until the witness consented to come forward despite the inevitable backlash? Also you aren‚Äôt allowed to complain about process after Merrick Garland",0,0,1,1,0,1,1,1,0,0
"@maureendowd Had @SenFeinstein done the proper thing and handled the letter accordingly, this would have played out very differently. Blame the senator who employed a Chinese spy for 20 yrs while her husband made millions in China.",1,1,1,0,1,1,1,0,1,0
"@mvpizz @maureendowd @MalcolmNance Vote Democrat for sanity?  üòÇü§£ 
You must be insane!",1,1,1,1,0,1,1,0,1,1
@maureendowd Probably we wouldn‚Äôt if you hadn‚Äôt maligned Obama and Clinton for years.,0,1,1,1,0,1,1,0,1,0
@maureendowd So very depressing.,0,0,0,0,0,0,0,0,0,0
@maureendowd Trump and his new bro should go to Antarctica. It's mostly white and very cold.,0,1,1,0,0,1,1,0,1,0
"@maureendowd As usual, @maureendowd nails it.",0,0,0,0,0,0,0,0,0,0
"@maureendowd - I tried to get through your BS column wailing about Dr. Ford being abused. Grassley has Ben over double backwards to accommodate her. All her witnesses say they know nothing about the ‚Äòattack‚Äô &amp; some don‚Äôt even know Kavanaugh. 
(1 of 2)",0,1,0,1,1,1,1,0,1,1
@maureendowd Nah. This is a stunt.,0,0,0,0,0,1,0,0,1,0
@maureendowd Is perjury a felony?,0,0,1,0,0,0,0,0,1,0
@maureendowd Slimy is a great adjective for Dutton. I hadn‚Äôt heard about Morrison‚Äôs model boat. That made me want to retch.,1,0,1,0,0,1,1,1,1,0
and no blame for Feinstein! @maureendowd,1,0,1,0,1,1,0,0,1,0
@drw1018 @maureendowd Who were the only ones aware of her disclosure and who actually benefited from leaking it? https://t.co/BclUyjiEZ5,0,0,0,0,0,0,0,0,0,0
"@bairdjulia @maureendowd I hope they both ""get it"" where it hurts.",1,1,1,1,0,1,1,0,1,1
@peterdaou @maureendowd She enables him and then pretends she doesn't!,1,1,1,1,1,1,1,0,1,0
"""Somewhere in the dim recesses of my mind, I can recall a time when the sight of that white dome thrilled me."" - @maureendowd &amp; I are #same on this - but I lost that thrill when those *hypocritical* men impeached Clinton.  https://t.co/MJl93O3ZgX",0,1,1,0,0,1,1,0,0,0
"""It is unnerving to think how far women have come, only to find ourselves dragged back to the same place,"" writes @MaureenDowd. https://t.co/gVN8cUm5ks",1,1,0,0,0,0,1,0,0,0
"@maureendowd She can't remember when or where it happened and two witnesses now corroborate Kavanaughs story. Why exactly do you believe her, Maureen?@nytimes (A rhetorical question, we know why).",0,0,1,1,0,1,0,0,0,0
@maureendowd Well it seems Maureen has the crystal ball to see the truth of the past and future.... bullshit.,1,0,1,1,0,1,1,0,1,0
@maureendowd Oh dear.  Morrison just went down another notch or two.,1,0,1,1,0,0,1,0,1,0
"@maureendowd The Republicans have not yet even met Ford but Maureen Dowd is comfortable in saying they will ""maul"" her. This is where we are at.",0,0,1,1,0,1,1,0,0,0
"@nytimes @maureendowd Oh Maureen, get real! Life is always a two way street. Women know how to use sex and their sexuality to abuse and manipulate men on a daily basis. Then if something goes wrong, or have later remorse for their actions, they cry rape,sexual assault, discrimination and the like!",1,1,1,1,1,1,1,1,1,1
"Meanwhile, Paul Kelly takes on @maureendowd and boy do we know who wins that rhetorical joust. (It's not Paul.) https://t.co/xqrNezuqOa",0,0,1,0,0,0,1,0,0,0
@nytopinion @leemeade77 @maureendowd No one reads her work anymore.,0,0,1,0,0,0,1,0,0,0
"@catheconnors @maureendowd @SenFeinstein Who cares if it was a political strategy or not (from either side). A lifetime appointment to the highest court! . If by any way shape or form you have a dirty secret it should be ousted and if you don‚Äôt, then you should oust yourself to prove it.  It‚Äôs that simple.",1,1,1,1,0,1,1,1,1,0
@maureendowd I read your article and i was wondering if you could explain 2 things for me. If Hill was so offended and hurt why did she follow Thomas around his entire career? All of the Dr's cited witnesses have refuted her claim?,0,1,1,1,0,1,0,0,0,0
"@nytimes @maureendowd Seems like the dude's the one getting mercilessly pummeled.

Maybe that's just because I've been watching CNN.",1,1,1,0,0,1,1,0,0,0
"@maureendowd There‚Äôs lots of issues but I‚Äôd focus on a Mark Judge subpoena. There‚Äôs literally no argument not to interview 1 of 3 people who saw it. You can‚Äôt say he said/she said if someone else saw it

Call the GOP insincere b/c mark my words, they know Judge will bring it all crashing down",0,0,1,0,0,1,0,0,0,0
"@wcjames63 @jeffreyjayson @maureendowd Oh Jeffery, William, and Caznack, too many words for you to understand? I made them go away so you need not let them trouble you anymore.  As for your well reasoned and rational replies... https://t.co/Gjigvk4qCT",1,0,1,0,0,1,1,0,0,0
@maureendowd @maggieNYT I'm hoping she shows up with attitude. https://t.co/5CDtgLgvok,0,0,0,0,0,0,1,0,0,0
"@maureendowd If you mean ""27 yrs later, we watch another Democrat smear campaign fall apart due to lack of even a shred of evidence"" then yes, you're right.",0,1,1,1,0,1,1,1,1,0
"@maureendowd Climbing out of a Black Hole takes more than hitting below the belt. Being sucked in to a Bottomless Pit requires a [soul] position of the unforgiving envy &amp; scorn of the Vaginal Diary so eloquently word smithed. For some it's Eternal Inheritance, others regretfully a Black Hole.",0,1,0,0,0,1,1,0,0,0
@maureendowd So far it seems like it will be an attempted mauling...although I certainly believed and supported Anita Hill...Dr. Ford seems like she will hold her own. I hope I'm not wrong because those old bastards are evil.,1,1,1,0,0,1,1,0,0,0
"@akfisherking @maureendowd I take comfort in the fact it was an internal party decision, and nothing to do with us voters. We're all pretty appalled and looking forward to voting the LNP out!",0,0,1,0,0,1,1,0,0,0
"@cipollonsky @jeffreyjayson @maureendowd You think you are any different than Dems.? lol You people are too funny! Most of you never had political views in your life. The ideology's of both parties are ruining this country. Bill Cosby has been charged, and found guilty of sexual misconduct from the 70's.",1,1,1,1,0,1,1,1,1,1
@maureendowd so their is no more presumption of innocence in your world.  Is that the world that you really want to live in....,1,1,1,1,0,1,1,0,1,0
@JoyceWhiteVance @maureendowd I think of my students who just presume they will get that management job or that promotion ‚Äî and it‚Äôs heart warming that it‚Äôs possible ‚Äî but seeing this may just remind them why we older women have the scars we have./2,0,0,0,0,0,1,1,0,0,0
"100 percent, absolutely right. They almost did it anyway. To console themselves they launched a 30 year war on Hillary Clinton, led by their star character assassin @maureendowd https://t.co/SFFP8hFIN1",0,0,1,1,0,1,1,0,1,0
"#WentWorthVotes is rapidly becoming a referendum on Turnbull‚Äôs dismissal AND on Morrison‚Äôs fitness for office. If I was @drkerrynphelps I‚Äôd letterbox every #WentworthVotes residence with the @maureendowd article - header VOTE 1 KERRYN PHELPS

https://t.co/O0dQpAAAfA https://t.co/sdqRGDtEys",0,0,1,0,0,1,1,0,0,0
@tribelaw @maureendowd The GOP attutide is that women are property and you can do what you want with property.,0,1,1,1,0,1,1,0,1,0
"@JoyceWhiteVance @maureendowd It‚Äôs a horrible journey, but I‚Äôm glad we‚Äôre on it.
Better to air it out and know where people stand.
All sorts of good will come out of this for our younger generation, they deserve better than this thats for sure.",1,0,1,0,0,1,1,0,0,0
@nytimes @maureendowd Welcome to conservative utopia.  Predictable by people who used their heads for thinking. I pity those who embraced and emboldened these monsters at any point in their journalistic careers.  They own this.  Each and every outrage they helped enable.,0,1,1,0,0,1,1,0,1,0
@karebear9691 @maureendowd Thank you very much for your writtenüñãperspective. Have you been able to decide on truth of Ms. Ford's naming Mr. Kavenaughüá∫üá∏‚òïÔ∏è,0,0,0,0,0,0,0,0,0,0
"@maureendowd the woman has zero credibility and a half baked tale, and is a pawn in a political game.   Nothing more.",1,1,1,1,0,1,1,1,1,0
"@maureendowd Maureen Dowd, the little plagiarist:
https://t.co/PTTxlxZKIO",1,1,1,1,0,1,1,0,1,0
@CovfefeUpInThis @tribelaw @maureendowd How about her 3 witnesses denying knowing Kavanagh and have no idea what she is talking about as in a party they say never attended or inappropriate touching-How‚Äôs that working out????,0,0,1,1,0,1,1,1,1,0
Sick to Your Stomach? #MeToo https://t.co/noVyQ7vQz2 @maureendowd,1,1,0,0,0,0,1,0,1,0
‚Å¶@maureendowd‚Å© Great Column We are doomed to repeat history.  https://t.co/aPvGd2WgeA,0,0,0,0,0,0,0,0,0,0
"@maureendowd thank you for your excellent column today in nyt.  Few are as aware of the indignity that happened then and what is going on now, thank you for your knowledge and compassion",0,0,0,0,0,0,0,0,0,0
@maureendowd https://t.co/ne9xKJSYL4,0,0,0,0,0,0,0,0,0,0
@nytimes @maureendowd Another lady crying for another lady,0,1,1,0,0,1,1,0,0,0
"@GldnHorde @peterdaou @maureendowd No, just smart women! That, of course, leaves the women of your party OUT!üòÇüòÇüòúüòâ",1,1,1,1,0,1,1,0,1,0
@maureendowd Another conservative on the supreme court and so very young. Pres Trump will probably get another pick before too long. The courts will be jammed full of conservatives for generations to come. God Bless President Trump and the Republicans.,0,0,0,0,0,0,0,1,0,0
"""It is unnerving to think how far women have come, only to find ourselves dragged back to the same place.""‚Äî@maureendowd https://t.co/1loWyNVlV7 #StopKavanaugh #CancelKavanaugh #SaveSCOTUS #SaveOurDemocracy #WhatsAtStake https://t.co/TIYD7AyL5q",1,1,0,0,0,0,1,0,1,0
"@peterdaou @maureendowd The way Hillary was treated repeatedly is indicative of some of the sexism on display now and it affects men and women.  The shirts, chants, novelties on sale all part of the same issue. Never forget Citizens United Never Timid is an acronym for Hillary.",1,1,1,1,0,1,1,0,1,0
@maureendowd Those who will not learn are doomed to repeat. What significant changes were made 27 years ago to prevent a repeat? What changes will we make this time?,0,0,1,0,0,1,1,0,0,0
"1991 @maureendowd on Hill-Thomas hearings: ""The scalding contest was not only about race and sex, and women and men. It was about power, and who knows how to use it more effectively. The answer so far is, still, the Republicans."" And... https://t.co/VjCYtFbe8y",0,1,0,0,0,0,1,1,0,0
@maureendowd Bravo. Say it loudly. Shout it from the rooftops.,0,0,0,0,0,0,0,0,0,0
@maureendowd True dat,0,0,0,0,0,0,0,0,0,0
"@catheconnors @maureendowd @SenFeinstein Lol. Oh lord woman - this guy is dirty on so many levels, a political operative for decades, with more care for his own ambition than the country. The system, as fucked as it is - sometimes actually works. You know it‚Äôs the truth - so you gonna bury it because you don‚Äôt like it?",0,1,1,1,1,1,1,1,1,1
@JMurray247 @nytimes @maureendowd And have notes from counseling sessions 6 years ago. Pesky facts.,0,0,1,1,0,1,0,0,0,0
@jeffreyjayson @maureendowd Open your eyes and ears.  Twitter is alight with all the reasons.,0,0,1,0,0,1,0,0,0,0
"Sick to Your Stomach? #MeToo https://t.co/iDyoZVPVED
Great piece by @MaureenDowd",1,0,0,0,0,0,0,0,1,0
@maureendowd Let‚Äôs hope we‚Äôve learned something since then!!,0,0,0,0,0,0,0,0,0,0
@peterdaou @maureendowd MoDo is well past her sell by date.,1,0,1,1,0,0,1,0,1,0
@brianstelter @maureendowd her take was a treat...,0,0,0,0,0,0,0,0,0,0
@maureendowd You know Ms. Dowd- you and your women hating ways has never helped the #metoo movement. You have made a lot of money and gotten a lot of attention on the back of denigrating Hillary Clinton. In 2008 there were stretches where 10 out of 12 of your columns were bashing her!,1,1,1,1,0,1,1,0,1,1
@maureendowd The Dems are responsible for this circus.,1,1,1,1,0,1,1,0,1,0
"@maureendowd Yes, they hv every intention to ""Anita Hill"" Dr. Ford. Except this time it wont be quite the same. These old gaurds will get mauled in the process. Which is why they want to contract out their required govt. role to a female lawyer. Ms. Ford is not going to fall for that!",0,0,1,1,0,1,1,1,0,1
.@maureendowd: Sick to Your Stomach? #MeToo https://t.co/yrrmOLzgyA,1,1,0,0,0,0,1,0,1,0
@maureendowd What a friend to invite to Mar-a-lago? Or a weekend at the White House?,0,0,1,1,0,0,0,0,1,0
"@maureendowd This is the fool who brought a lump of coal to parliament, to show his contempt for science.",1,1,1,1,0,1,1,0,1,0
@Bbbmckeon @maureendowd A link to a Tom Cotton tweet? No wonder you‚Äôre so confused...that‚Äôs NOT a news source.,0,1,1,1,0,1,1,0,1,0
"@bairdjulia @maureendowd üòÇüòÇ. Last thing most Australians want to hear come from your gob. The far right of the Libs play from The Nutters hand book, which is a disgrace.",1,1,1,1,0,1,1,0,1,0
@maureendowd Excuse me I don't think any of them represented very well dams or Republicans,0,0,1,0,0,0,0,0,0,0
@bairdjulia @maureendowd We must remove the LNP if we want to survive!,0,1,0,0,0,1,1,0,0,0
".@maureendowd 1991 column in NYT: ""Once again women and men are watching something unfold through absolutely different sets of eyes and different sets of experiences,"" said Ann Lewis, a former adviser to Democrats in Washington https://t.co/szY8f7huqs",0,0,0,0,0,0,1,0,0,0
"@nytimes @maureendowd What about Clinton , what about Ellison , crickets",0,0,1,1,0,1,1,0,1,0
Sick to Your Stomach? #MeToo https://t.co/JaMDnTHVWK @maureendowd,1,1,0,0,0,0,0,0,1,0
@bairdjulia @maureendowd If he comes back from a meeting with POTUS sporting a deep tan we'll know were his head has been.,0,0,1,1,0,1,1,0,1,0
"@nytimes @maureendowd Just as Dowd ‚Äúmercilessly pummeled‚Äù Hillary Clinton over using a private email server, week after week after week...",0,1,1,1,0,1,1,1,1,0
"@maureendowd I read the Times every day but this is the only time I was motivated to say something, that your ""Sick to your Stomach"" piece was the clearest, strongest, and most important essay about our fraught condition in the USA I have read. Thanks, RW",0,1,0,1,0,0,0,0,0,0
@peterdaou @maureendowd Did HRC vote for war and push regime change in Libya? Yes or no? Did 25% of her supporters vote for McCain  instead of Obama? Yes or no? Will you ever make your point without acknowledging how HRC made mistakes?  Yes or no?,1,0,1,1,0,1,1,0,1,0
@maureendowd I doubt this pack of old white fossils will come out on top this time. They might still sneak Kavanaugh through but the stench will pervade the midterms and 2020 elections as I expect they know. I imagine they‚Äôre chugging down the Pepto-Bismol like it‚Äôs going out of style.,1,1,1,1,0,1,1,0,0,0
A week is a long time in politics @maureendowd no one in this part of the bottom of the planet thinks he will be in charge for long üòÇ https://t.co/3oGDuHNY5Z,0,0,1,1,0,0,1,0,0,0
"@nytimes @maureendowd The irony! Dowd, whose career skyrocketed due to her merciless pummeling of a woman, chooses NOW to complain",1,1,1,1,0,1,1,0,1,0
